"","Variable","Dim.1","Dim.2","Dim.3","Dim.4","Dim.5","Date","Altitude"
"1","Intensity",2.18299085976273,0.26503365612014,32.0286446138434,4.03075005195829,1.22604140722233,"2022-01-19","50m"
"2","Hue",9.20226627484533,9.93206040159531,0.0471609878141506,0.381413700132161,1.27075130360444,"2022-01-19","50m"
"3","Saturation",5.45449437553231,0.467899518109988,21.2880484029197,5.03688962442039,1.39290306996088,"2022-01-19","50m"
"4","Lightness",2.13598133504104,0.831670298834813,30.7126330471549,5.20154964064652,0.936532175925097,"2022-01-19","50m"
"5","a.",8.30656942629033,11.16780294953,1.35367784628657,0.0342984029334937,0.529152903757912,"2022-01-19","50m"
"6","b.",7.61744502679039,4.0886972285602,2.78101677575738,16.1354585751661,1.00885951679998,"2022-01-19","50m"
"7","u.",10.4628381534926,5.70588129044968,1.21905712086107,1.72038729929513,0.162985348621466,"2022-01-19","50m"
"8","v.",6.06068445696842,7.91353904909042,0.0799428501830317,19.649398739776,0.668716809647317,"2022-01-19","50m"
"9","GA",11.5886061753999,0.0295595664403457,1.34016118749961,0.114975523826783,2.77974452143751,"2022-01-19","50m"
"10","GGA",8.29723709488992,5.85299909303486,0.266836259217466,9.69027517501337,5.73969845583869,"2022-01-19","50m"
"11","CSI",6.77603927402945,7.00118055287418,0.244079115868406,16.3085055254796,1.28505437618756,"2022-01-19","50m"
"12","NGRDI",12.0811330509818,2.49132216900732,1.78520923966238,0.134226893302817,0.0400750970461735,"2022-01-19","50m"
"13","NGRDIveg",6.97832682325097,6.46941457351923,0.65246462498451,15.2075861578198,6.76104512579294,"2022-01-19","50m"
"14","TGI",2.20221755154855,22.1280062828428,1.78236636108721,4.2920845373144,2.80754190231428,"2022-01-19","50m"
"15","TGIveg",0.653170121176139,15.654933369991,4.4187015668604,2.06220015291528,73.3908979858433,"2022-01-19","50m"
"16","Intensity",8.21883312432866,1.61208890127488,0.800810535910284,28.2493819538754,0.446001172222846,"2022-01-19","15m"
"17","Hue",11.3057448632532,3.3513939665274,0.229446274511513,0.345524752831278,0.00185762197074907,"2022-01-19","15m"
"18","Saturation",2.37738875695797,10.1131384195307,10.1114574128683,19.4613677475827,1.23972193191851,"2022-01-19","15m"
"19","Lightness",7.56756255679695,2.85094310165849,0.667199220935049,28.8527299351981,0.327243443669006,"2022-01-19","15m"
"20","a.",10.7033550341935,3.48294991310986,0.802348781275722,2.81235004146,3.82980179028815,"2022-01-19","15m"
"21","b.",3.98800389869422,16.2073501563491,3.51953520756839,0.0553570665229367,0.994942018864706,"2022-01-19","15m"
"22","u.",12.2409073388323,0.320218528447162,1.48535104198951,1.62980515435168,4.70078571435332,"2022-01-19","15m"
"23","v.",3.47179902695162,17.8959748460533,1.51074686191096,2.14548003771345,0.43986173254487,"2022-01-19","15m"
"24","GA",11.8957541000114,0.0391487169893859,1.49577301271535,0.711618511070523,22.3028992516541,"2022-01-19","15m"
"25","GGA",8.6745981503281,0.693411138524523,9.85779832143374,2.78435331222909,34.4646983278276,"2022-01-19","15m"
"26","CSI",0.000890150006706044,7.16993036353221,27.7482145969739,7.31862343832769,0.170696706000303,"2022-01-19","15m"
"27","NGRDI",11.8510218130269,1.02950812086747,1.00637776855651,3.2490384484784,2.44447050219333,"2022-01-19","15m"
"28","NGRDIveg",0.100848851734667,1.58380800082367,38.1025627387041,1.58272114886683,26.4843609409471,"2022-01-19","15m"
"29","TGI",5.96046250194449,14.0790040486181,0.206093857411787,0.01806956675696,1.90142412754997,"2022-01-19","15m"
"30","TGIveg",1.64282983293952,19.5711317776936,2.45628436723475,0.783578884734675,0.251234717995386,"2022-01-19","15m"
"31","Intensity",0.0966711701453686,8.63110296782634,16.4808297964542,13.1731171036868,2.92444810606497,"2022-01-19","30m"
"32","Hue",10.6257520165504,7.02239895214268,0.739506387098666,1.11169808028852,0.0707885500083074,"2022-01-19","30m"
"33","Saturation",6.84289883073582,8.83060657830226,8.08816891410749,0.533127964348848,0.171589755787899,"2022-01-19","30m"
"34","Lightness",0.0832684559000334,6.81969821784999,16.9827687300149,15.9356826144033,2.55552271419466,"2022-01-19","30m"
"35","a.",11.771854623025,2.59567241113864,3.42311096507767,0.902597694230911,4.63888302804019,"2022-01-19","30m"
"36","b.",7.70337801884736,7.11380209550707,0.974013180349649,11.640726943833,0.061187816573941,"2022-01-19","30m"
"37","u.",13.2907196921258,0.697107994555759,2.58539246418138,0.095105672145643,4.62729225012933,"2022-01-19","30m"
"38","v.",5.36619239838676,5.37832833072237,0.325544504034772,24.7649274023606,0.18241248337087,"2022-01-19","30m"
"39","GA",9.83736644111239,6.71884594554195,0.0174991735782896,1.63594345078834,66.8896389058443,"2022-01-19","30m"
"40","GGA",9.11952173770232,0.200770873069762,11.0757173586018,2.69716093715516,2.64433103275288,"2022-01-19","30m"
"41","CSI",2.13110221551525,3.86101651782677,16.9705389038192,12.1574764533274,2.27389626738962,"2022-01-19","30m"
"42","NGRDI",13.7813845627981,0.159771128322473,1.6664431884869,0.786155886565304,2.9599574547419,"2022-01-19","30m"
"43","NGRDIveg",3.42400232260451,3.21663905003868,17.9099900729892,7.27671665680301,0.541666543203385,"2022-01-19","30m"
"44","TGI",2.71890852606086,19.9470827593094,0.0200767802966318,7.02282819078785,6.24620748892807,"2022-01-19","30m"
"45","TGIveg",3.20697898849008,18.8071561778458,2.74039958090928,0.266734949275192,3.21217760296975,"2022-01-19","30m"
"46","Intensity",0.233454309657908,0.00366027849241389,31.4377825135491,0.222320115364285,1.18044948242222,"2022-01-19","ground"
"47","Hue",5.58080272537986,13.7546131018651,0.0520827311786998,3.84520080979135,13.6201500219616,"2022-01-19","ground"
"48","Saturation",5.48435775372416,9.37238042144545,8.47089415335055,0.73693246250875,3.13662134537713,"2022-01-19","ground"
"49","Lightness",0.280414116343597,0.0177506647225858,31.3728677077662,0.216607106183398,0.915566736190159,"2022-01-19","ground"
"50","a.",14.0068004419641,1.35705592368414,2.08751893261864,4.10001806144866,0.209586964683306,"2022-01-19","ground"
"51","b.",6.93400786594456,11.6279974329839,2.72671034793979,1.26275988338951,1.51069857594965,"2022-01-19","ground"
"52","u.",13.2682421210744,3.97770666046816,0.188887811991626,3.61567886399066,0.00555021984078585,"2022-01-19","ground"
"53","v.",4.22180052272864,8.48878324970704,12.3549671150503,0.824948857689861,0.663686774767526,"2022-01-19","ground"
"54","GA",11.534147886472,5.97877261343923,0.272318466420725,0.0219769300677853,1.28830012717342,"2022-01-19","ground"
"55","GGA",11.585972358572,4.6118865178253,0.210955439461682,2.81340173760888,0.635679780922339,"2022-01-19","ground"
"56","CSI",6.17147192199137,0.100940818147148,0.0728652031330859,54.8034236885065,0.0899242981057352,"2022-01-19","ground"
"57","NGRDI",9.48377676928795,1.71922672879141,10.097020563769,2.1268847505973,1.80030427430523,"2022-01-19","ground"
"58","NGRDIveg",8.18889824534064,5.40372518661873,0.381299618964656,12.9982728419645,3.66220463572402,"2022-01-19","ground"
"59","TGI",3.01873438984715,17.4708587098077,0.180656066641233,2.43112093251689,14.5032435476418,"2022-01-19","ground"
"60","TGIveg",0.00711857167180327,16.1146416920016,0.0931733281647374,9.9804529583717,56.7780332149351,"2022-01-19","ground"
"61","Intensity",5.65929732910294,8.88490444336627,0.696691899363896,22.5380226923509,2.6431565527416,"2022-02-14","30m"
"62","Hue",8.79264827448714,0.189524956234236,0.0766752760586744,5.05607373393089,13.0915448482234,"2022-02-14","30m"
"63","Saturation",3.94598590815882,20.1252069126359,0.00173435561734345,2.13304546307287,1.2777234804358,"2022-02-14","30m"
"64","Lightness",5.743727242165,8.00473232437381,0.332330717464779,25.3989545078131,2.67943009587408,"2022-02-14","30m"
"65","a.",8.41634603978325,0.419082099571122,11.0935611677725,2.68888960135343,1.07020169008653,"2022-02-14","30m"
"66","b.",6.8510132851121,9.02359636100186,0.00573000168865978,2.68355245021884,0.715232463246119,"2022-02-14","30m"
"67","u.",8.54934063504333,1.05587180308634,8.56970405327018,0.29925558867769,1.38132103331621,"2022-02-14","30m"
"68","v.",7.72524915195834,3.49871785445167,0.098588575464535,12.4931063525691,0.0596489957751553,"2022-02-14","30m"
"69","GA",8.75770970167865,0.175029702258923,3.52171594237578,3.54907588983774,5.31487403714433,"2022-02-14","30m"
"70","GGA",7.07233554449,0.487123365116846,20.1679335653124,6.68049670534279,22.048058465505,"2022-02-14","30m"
"71","CSI",7.15166207159743,2.29280748462038,18.7205749238909,0.371948517670172,17.8424584240932,"2022-02-14","30m"
"72","NGRDI",8.72876861710557,0.959411000933932,4.06027285244654,3.0008302634038,0.403338888745671,"2022-02-14","30m"
"73","NGRDIveg",4.82224249669512,13.2031496296344,6.43929811128109,0.427383056462981,31.3726637976556,"2022-02-14","30m"
"74","TGI",5.8720800641569,6.86894801910028,22.2470404875047,4.18203230239003,0.0288619302941003,"2022-02-14","30m"
"75","TGIveg",1.9115936384655,24.8118940436141,3.96814807048777,8.49733287490559,0.0714852968631279,"2022-02-14","30m"
"76","Intensity",6.50491799206626,0.0155149595965945,15.8555796051778,7.03582908911535,0.121801097375231,"2022-02-14","15m"
"77","Hue",8.52277489616522,0.281131281965484,3.54501236487021,2.541136736292,7.77842039450053,"2022-02-14","15m"
"78","Saturation",0.561074225060851,23.8197029418936,24.4248948716153,5.52247880925603,3.04566965858861,"2022-02-14","15m"
"79","Lightness",6.1009437482203,0.00896799076791413,18.4248299397181,6.32001942486806,0.204145498074297,"2022-02-14","15m"
"80","a.",8.15611389066544,0.00808036899552298,6.33762368892477,3.51053129827801,0.220993154840728,"2022-02-14","15m"
"81","b.",4.16682593614609,26.3227727712847,0.465085342552805,0.118566235998132,6.68498372935993,"2022-02-14","15m"
"82","u.",8.50795718299052,0.414410616479066,3.67782909036093,3.5771571627372,1.15590728461389,"2022-02-14","15m"
"83","v.",4.17061492853652,16.3436508712518,11.9964516707835,0.25384351071913,4.45116480955095,"2022-02-14","15m"
"84","GA",9.01143650944278,0.100680686235842,0.966089660895514,0.367078500669076,4.71562043630571,"2022-02-14","15m"
"85","GGA",8.7366657319941,0.327591377080139,0.000375972400973021,6.25207973899949,21.4242817058194,"2022-02-14","15m"
"86","CSI",7.99962769235253,0.136458204580513,2.82064471689954,26.5797587636142,0.608716480397373,"2022-02-14","15m"
"87","NGRDI",8.59482681384134,0.0155660944050076,4.22089665774637,0.573777179694102,0.0144681014056384,"2022-02-14","15m"
"88","NGRDIveg",7.61323367610638,2.30503735330543,2.44948143516148,29.3458362905124,0.364518425596174,"2022-02-14","15m"
"89","TGI",7.8672120868219,3.5375487734599,3.34180448292496,7.1768628279907,0.187573744292474,"2022-02-14","15m"
"90","TGIveg",3.48577468958971,26.3628857086986,1.47340049996779,0.825044431256009,49.0217354792791,"2022-02-14","15m"
"91","Intensity",7.00334225086579,1.37317152504415,12.7010244657499,14.445240092048,4.65265816756812,"2022-02-14","50m"
"92","Hue",10.0698388593513,0.0314755501177441,1.4078172305359,6.28990463951229,1.18391753127636,"2022-02-14","50m"
"93","Saturation",5.58811306314401,4.53387442467113,25.4985227334645,0.628182921750586,0.00368832715949503,"2022-02-14","50m"
"94","Lightness",7.00553808853903,1.03921427564532,11.64128340134,15.5581025270772,6.82788043967719,"2022-02-14","50m"
"95","a.",9.94694935154473,0.141571847536429,0.6900751973684,0.026903339610244,10.8904283534057,"2022-02-14","50m"
"96","b.",8.14492242263814,2.23584861332169,10.4112964177033,2.96163922012274,3.38033028808652,"2022-02-14","50m"
"97","u.",10.2224807597256,0.0119326348195539,1.68828418712304,0.867181124888023,4.85556816793401,"2022-02-14","50m"
"98","v.",8.50205379227799,1.38405869634207,3.58437486585367,8.2063826725372,9.85784713450021,"2022-02-14","50m"
"99","GA",8.75326896539658,0.416791558446575,4.71288471785352,8.77957578696222,0.235892695145374,"2022-02-14","50m"
"100","GGA",5.20599215715846,1.95978411771114,4.15213011228668,35.4154303341582,16.8251381239458,"2022-02-14","50m"
"101","CSI",0.0380771378104073,28.5541127936624,11.9168493193611,0.201032194778173,0.545409914216831,"2022-02-14","50m"
"102","NGRDI",10.3027770119778,0.016430569910099,1.08134237177569,0.191893635662987,5.95817355471216,"2022-02-14","50m"
"103","NGRDIveg",2.58567766362563,21.3661142303919,4.47153947579931,4.79049612524156,7.36834689905201,"2022-02-14","50m"
"104","TGI",6.62988004262493,4.19441452870849,5.835998263929,0.00180261280129117,27.2078859869704,"2022-02-14","50m"
"105","TGIveg",0.00108843331971126,32.7412046336714,0.206577239856011,1.63623277284919,0.206834416349952,"2022-02-14","50m"
"106","Intensity",5.99022401040134,2.05637742952361,29.4600847677061,0.729093308866964,1.28052905987851,"2022-02-14","ground"
"107","Hue",2.39635026979669,15.3528113476537,0.180408273039751,11.3850382069181,0.240040947333288,"2022-02-14","ground"
"108","Saturation",4.65325102305079,7.2278148915097,20.0053786679058,0.664746779169097,2.4788574528605,"2022-02-14","ground"
"109","Lightness",6.04425239168356,2.83614331427215,26.8080427106037,0.56383862614834,1.55216925479785,"2022-02-14","ground"
"110","a.",10.9718041320048,0.931579092682354,5.74890320807158,2.8425631905759,0.0278951191183151,"2022-02-14","ground"
"111","b.",7.04229573206005,9.66148409788034,0.265633738819412,0.180825259828922,3.13497522934025,"2022-02-14","ground"
"112","u.",12.1725467693163,0.594545570649,1.55327471232429,0.995563867825687,0.616279047859989,"2022-02-14","ground"
"113","v.",6.62072056673456,10.2161980187372,0.715171985599061,0.17154139932178,3.24903822892887,"2022-02-14","ground"
"114","GA",8.31688008773374,7.30791920771867,0.0128929409888507,0.769098006394876,2.93759425949576,"2022-02-14","ground"
"115","GGA",8.62988800041159,6.6048619400086,0.00428783744495692,0.00317410756043679,1.81506682970781,"2022-02-14","ground"
"116","CSI",6.99246113247402,1.67078298641521,0.000781542912864175,42.0450574945942,6.62142759737268,"2022-02-14","ground"
"117","NGRDI",10.257227696141,0.084837320475874,12.1818483613155,1.28975729854322,0.655297278557496,"2022-02-14","ground"
"118","NGRDIveg",6.43719748850593,5.07528369577426,2.43879981754934,19.9736768975455,8.34958399896342,"2022-02-14","ground"
"119","TGI",0.690751702857324,18.834050148541,0.546045442482906,6.37089054538421,2.96996545954662,"2022-02-14","ground"
"120","TGIveg",2.78414899682841,11.5453109381582,0.0784459932356525,12.0151350113226,64.0712802362384,"2022-02-14","ground"
"121","Intensity",7.84977122471622,1.62430840118277,4.12979401539312,0.659418878026143,0.130607668450863,"2022-03-09","15m"
"122","Hue",8.16094133464461,0.0106150461570024,3.50843030173001,2.09991559823677,3.43107806727368,"2022-03-09","15m"
"123","Saturation",3.50074257368876,12.0523856215295,62.1617486146812,3.67187044665467,0.4489359706806,"2022-03-09","15m"
"124","Lightness",7.56602696948376,2.71962507041474,5.77436142654912,0.823060371529931,0.31634882409195,"2022-03-09","15m"
"125","a.",8.07717297892891,0.629983855747966,3.2397734085223,0.441801733576855,2.75474147414677,"2022-03-09","15m"
"126","b.",0.0578901789153101,41.6471538388607,0.0477868588334028,0.323081425031391,0.47860934829587,"2022-03-09","15m"
"127","u.",8.12725298096981,0.230453571106908,4.24706768343057,0.151284124636284,0.139800776503927,"2022-03-09","15m"
"128","v.",1.25937133927777,34.0312935947031,8.23516910941802,0.0061130073001427,0.541239040530444,"2022-03-09","15m"
"129","GA",7.76647090203214,0.421081441345999,4.9701072042685,30.9871056365721,0.959198717260839,"2022-03-09","15m"
"130","GGA",8.26289328682868,0.0366261365802519,1.05905517449919,1.66496221808124,0.102490164470324,"2022-03-09","15m"
"131","CSI",8.00709415516162,0.510804043325787,0.29081301749958,3.25210445862279,47.2155870715254,"2022-03-09","15m"
"132","NGRDI",8.14751139276989,0.0579490175242666,0.288044719735708,11.6074811358881,16.3504913402846,"2022-03-09","15m"
"133","NGRDIveg",7.95475536720458,0.465630217655314,0.33920800997812,29.2051268543701,0.08726995600871,"2022-03-09","15m"
"134","TGI",7.81773288970607,2.2975208846508,1.69285646753711,0.0360369097493376,1.55554421518766,"2022-03-09","15m"
"135","TGIveg",7.44437242567195,3.26456925921502,0.0157839879241729,15.0706372017242,25.4880573652883,"2022-03-09","15m"
"136","Intensity",7.8106514993702,0.0642288892025411,3.23046400137682,2.60251799628835,0.0891501460283011,"2022-03-09","50m"
"137","Hue",7.84300710252538,0.00281533833554694,3.62392431390349,0.429432932073023,0.228902140935821,"2022-03-09","50m"
"138","Saturation",3.10664798682749,22.2410479144546,47.1817230540376,4.58844277469993,0.0320441790515411,"2022-03-09","50m"
"139","Lightness",7.73407098868585,0.217634746421968,4.90630542110585,2.52446893023643,0.046306466954427,"2022-03-09","50m"
"140","a.",7.82533396586679,0.194069173596733,3.38962187490967,0.0379913357943065,5.32315906700316,"2022-03-09","50m"
"141","b.",0.934424474384249,48.1226474095791,0.395985716763202,0.566389757912296,0.25882605651842,"2022-03-09","50m"
"142","u.",7.78154581405172,0.0194143625218941,4.67166289497959,2.16028562021703,2.23496947473989,"2022-03-09","50m"
"143","v.",3.82472807217034,23.8867034037092,20.3190848306896,0.0126642199129783,0.00838590009636696,"2022-03-09","50m"
"144","GA",7.16752864210792,0.0756412581456471,7.60364812552077,36.3853722411678,0.11252702628316,"2022-03-09","50m"
"145","GGA",7.84293096337952,9.17254726386824e-05,0.589879864252114,3.42584287758835,22.9454203373355,"2022-03-09","50m"
"146","CSI",7.86598254756658,0.00184357717742573,0.802257933779838,0.54311405126949,35.6435929109979,"2022-03-09","50m"
"147","NGRDI",7.83490063400015,0.0148141896496095,0.106893140163851,6.79873912935064,16.4038134323009,"2022-03-09","50m"
"148","NGRDIveg",7.56529421408459,0.0304040122587157,0.591030970756766,25.2251362151442,7.54873109400508,"2022-03-09","50m"
"149","TGI",7.67165943810786,1.44258694727226,2.43974098558966,0.603384945030682,3.94191854255808,"2022-03-09","50m"
"150","TGIveg",7.19129365687138,3.68605705220228,0.147776872171106,14.0962169733145,5.18225322519125,"2022-03-09","50m"
"151","Intensity",7.86605126817272,0.0817067793582992,4.00457847792381,2.52870804493571,0.274089582940351,"2022-03-09","30m"
"152","Hue",7.91857923671317,0.00691467154130937,3.40553531170427,0.583345252374286,0.806806880839195,"2022-03-09","30m"
"153","Saturation",3.27020824973712,19.8042309380005,48.677129341678,2.55592594787133,0.936282837961493,"2022-03-09","30m"
"154","Lightness",7.77809502460004,0.252320260149216,5.9391086642596,2.42457654883239,0.364131988814221,"2022-03-09","30m"
"155","a.",7.90327312796092,0.14259285604579,3.4475210118224,0.0266153024263008,7.17375469427975,"2022-03-09","30m"
"156","b.",0.409226202334481,47.1017776614806,0.111062898335246,0.35910410694039,0.0465012358892552,"2022-03-09","30m"
"157","u.",7.86483677627562,0.00636078256220531,4.52212732299828,2.66773667408547,3.52385927684169,"2022-03-09","30m"
"158","v.",3.03924552772414,26.9027483901551,20.6055938162751,0.103681019151699,0.0391724417854449,"2022-03-09","30m"
"159","GA",7.6034351153905,0.0866244917660433,4.36312827681939,26.5625625674023,0.0408157635713491,"2022-03-09","30m"
"160","GGA",7.95647306916543,0.0316783203792264,0.97252933995383,0.670780980242682,4.93124277788495,"2022-03-09","30m"
"161","CSI",7.91303354285059,0.0961506586800247,1.13914343117311,1.35180221539148,34.5360689364317,"2022-03-09","30m"
"162","NGRDI",7.88115363117337,0.0480914090845818,0.215426578240603,11.6220059926206,18.9352396384518,"2022-03-09","30m"
"163","NGRDIveg",7.67904423950473,0.0906755820173205,0.235481548694834,31.5991706279163,1.10897328125641,"2022-03-09","30m"
"164","TGI",7.75892728312022,1.28256811648784,2.17013521266419,0.567819355812932,4.32839240117156,"2022-03-09","30m"
"165","TGIveg",7.15841770527692,4.06555908229192,0.191498767457306,16.3761653639961,22.9546682618806,"2022-03-09","30m"
"166","Intensity",4.52027532021679,8.39565970109819,25.8929403229924,0.0262313049142108,0.0500968541156717,"2022-03-09","ground"
"167","Hue",10.1641251301812,1.37574770457626e-05,1.49543248185993,5.93721151281688,0.140218201593002,"2022-03-09","ground"
"168","Saturation",0.740990417436916,15.1000034181371,29.3291603413508,10.5510664576628,2.46773017700999,"2022-03-09","ground"
"169","Lightness",2.61139833936075,12.2397801000659,27.9440129914886,0.0118403649506671,0.0609632832503573,"2022-03-09","ground"
"170","a.",10.4285425080532,0.0211190522354215,0.527453589998584,2.62644072213439,3.89954778656109,"2022-03-09","ground"
"171","b.",0.666308678279982,21.8372813852558,0.563399370498065,3.19166582883283,3.11327068941522,"2022-03-09","ground"
"172","u.",9.89006667405135,1.21153391400145,0.231095635669114,3.17524491920134,3.19618506556492,"2022-03-09","ground"
"173","v.",1.33890945670608,20.4672112422307,0.677179316208489,1.07000837220619,4.01280378911005,"2022-03-09","ground"
"174","GA",10.5474562038054,0.103341778670156,0.423029839653385,0.172868908319268,0.352558954738868,"2022-03-09","ground"
"175","GGA",10.2987910462924,0.0234632648706357,1.51114310631318,0.00877131142122603,1.97256087423373,"2022-03-09","ground"
"176","CSI",8.96433915815634,0.30079333507634,3.70284731819405,22.9250677748348,16.342545574907,"2022-03-09","ground"
"177","NGRDI",10.1373158314945,0.328456890329109,2.15386883721756,2.50310437457001,2.86499262564585,"2022-03-09","ground"
"178","NGRDIveg",9.77157426632916,0.481547327803159,0.00751720183894809,5.08096664023301,30.294029029649,"2022-03-09","ground"
"179","TGI",9.89304586516539,1.47496050795967,0.0463288887070418,0.439291612081662,5.36383894294416,"2022-03-09","ground"
"180","TGIveg",0.0268611044703487,18.0148343247893,5.49459075800955,42.2802198958206,25.868658151261,"2022-03-09","ground"
"181","Intensity",7.69898362793969,0.0272373322450744,1.63652574649879,1.45621058720816,2.89330688504011,"2022-03-22","50m"
"182","Hue",7.84456365193413,0.488839717222185,0.409048799237968,0.0928323307544961,0.537006373770793,"2022-03-22","50m"
"183","Saturation",3.57693047620727,22.4939213259762,28.8092718541021,16.5358713948074,16.6653440695505,"2022-03-22","50m"
"184","Lightness",7.63899720190565,4.01500868408503e-05,2.44343785546182,2.49324354356221,2.0042395341707,"2022-03-22","50m"
"185","a.",7.70278447454936,1.31650218822713,0.372033236287069,1.28548657295887,0.393032896429001,"2022-03-22","50m"
"186","b.",1.2017488342052,57.6406631419894,16.3538637075289,23.9689147319399,0.419502383338064,"2022-03-22","50m"
"187","u.",7.33633705531279,4.59490943014258,0.0582675090763882,2.02139291918865,4.56059739716006,"2022-03-22","50m"
"188","v.",6.82797675715771,0.10316786730267,12.9781206284192,16.6758351725026,0.837689120163489,"2022-03-22","50m"
"189","GA",6.86917961749942,5.87369350369027,2.291398864933,2.43633088164693,21.6186432790198,"2022-03-22","50m"
"190","GGA",7.65929945286229,0.77721813245046,0.543948914987883,0.287330459150755,9.22504840704481,"2022-03-22","50m"
"191","CSI",7.64802734677729,1.09171907253547,0.611173083269509,0.508526913161901,5.47480063351576,"2022-03-22","50m"
"192","NGRDI",7.69089525682206,0.921140962436846,0.0154580446755192,2.67621817421818,4.70381375207784,"2022-03-22","50m"
"193","NGRDIveg",7.32740343865543,3.00779173085161,0.446327792632488,4.90748345797451,13.8730143644218,"2022-03-22","50m"
"194","TGI",7.28502068025156,1.51830495622339,4.18450191659077,9.0874401376821,5.85891753474676,"2022-03-22","50m"
"195","TGIveg",5.69185212792027,0.144850488619776,28.8466220462985,15.5668827232431,10.9350433695504,"2022-03-22","50m"
"196","Intensity",9.71967086267923,1.30836173788592,0.0341594685315702,0.154181787498748,0.0670082983574561,"2022-04-05","50m"
"197","Hue",9.82811386470286,0.0990313856816293,0.864747548998952,0.101824550589521,0.0027216755765163,"2022-04-05","50m"
"198","Saturation",1.65985698270348,4.24035493246721,22.580143436608,44.581983524556,9.19533638985203,"2022-04-05","50m"
"199","Lightness",7.52459524720278,6.57640283336319,0.708691287993484,7.84585194571992,2.86977997837222,"2022-04-05","50m"
"200","a.",2.57014684459996,2.93965856398591,18.0921667346683,37.1905678214529,38.0490143799104,"2022-04-05","50m"
"201","b.",2.29147796231479,0.840395250627222,42.5244839013107,3.45484752657419,43.7179112039743,"2022-04-05","50m"
"202","u.",7.83524844214084,4.44096232909634,5.68497517298023,2.18055913617562,1.00513952717636,"2022-04-05","50m"
"203","v.",7.81802872416598,9.37253641358567,0.034375650824825,0.123124414303345,1.8795555112947,"2022-04-05","50m"
"204","GA",9.12142795423378,0.262764434543067,3.62190638316214,0.688266200520917,0.00632239994055993,"2022-04-05","50m"
"205","GGA",9.80930540754491,0.00603558915626341,1.46115661254198,0.281687158433468,0.384316640673365,"2022-04-05","50m"
"206","CSI",9.65889648111794,0.00621719815806876,1.65303297723229,0.400060658795989,0.476381089323984,"2022-04-05","50m"
"207","NGRDI",9.80240011338991,0.00220435659743926,0.327193775548195,0.441233990443164,0.00934336044861441,"2022-04-05","50m"
"208","NGRDIveg",9.27395309085314,0.0107061988662137,1.42506962310197,1.0862634395119,0.082008836706281,"2022-04-05","50m"
"209","TGI",2.97785211773027,28.8333914019942,0.987889548494628,0.902053043287683,0.874236508526836,"2022-04-05","50m"
"210","TGIveg",0.109025904620268,41.0609773739918,7.87800264746859e-06,0.567494802136644,1.3809241998665,"2022-04-05","50m"
"211","Intensity",7.57297440785139,6.93396289068568,0.36663580104803,0.201855079819773,9.46862515704151,"2022-04-19","50m"
"212","Hue",9.16118159294318,0.091466882423515,1.74506150940565,1.94395417102211,9.71291950165021,"2022-04-19","50m"
"213","Saturation",2.96599200167424,0.851219214357359,58.0304350462815,7.7326456075258,9.33176845657746,"2022-04-19","50m"
"214","Lightness",6.66424879796477,10.3781042642504,0.298384583874431,0.390848787424325,7.54587713564825,"2022-04-19","50m"
"215","a.",8.16968787956951,5.29349786945015,0.414102662443274,0.192739019066047,0.106302506376502,"2022-04-19","50m"
"216","b.",1.09018804864464,12.6703288200581,7.67231786360472,71.081106002736,1.64167784495354,"2022-04-19","50m"
"217","u.",7.35171227027789,6.64563863642544,4.48633082480868,0.0425364210805341,0.112887244123147,"2022-04-19","50m"
"218","v.",5.12886467529382,15.7933007608542,0.0531453841354154,4.04605203186139,0.572119882893644,"2022-04-19","50m"
"219","GA",8.58383426404892,0.188150407379438,7.93799017394242,0.142149747665019,17.7872619462908,"2022-04-19","50m"
"220","GGA",9.09979515395968,0.297451768195341,4.2981142024185,0.20087227974762,0.61590132250329,"2022-04-19","50m"
"221","CSI",8.91602024632748,0.232556626904145,4.78101598442189,0.335635740340012,1.05619187585617,"2022-04-19","50m"
"222","NGRDI",9.24435920157953,0.000106673303005488,2.235152150873,1.03402117336535,11.6593181782141,"2022-04-19","50m"
"223","NGRDIveg",8.75474344723113,0.0274559202748496,5.21286624779901,1.60560650164479,25.7111546089619,"2022-04-19","50m"
"224","TGI",5.30250380757395,14.8810614508505,0.0590194544305225,4.3305921298857,4.55191298306063,"2022-04-19","50m"
"225","TGIveg",1.99389420505982,25.7156978145877,2.40942811051292,6.71938530681569,0.126081355849083,"2022-04-19","50m"
"226","Intensity",5.18199204999396,9.76762583761876,0.425144683147873,18.0144537387502,2.62823488969245,"2022-05-03","50m"
"227","Hue",10.5264623902598,0.0691805959589242,0.0177443735624966,13.0790392159508,0.233670798080581,"2022-05-03","50m"
"228","Saturation",4.42871682644342,1.10877659594502,51.5589634324731,4.89166507323025,35.098700407603,"2022-05-03","50m"
"229","Lightness",3.80036484067784,12.837702881398,0.284430046334841,14.9548011726564,2.09985478362479,"2022-05-03","50m"
"230","a.",7.28701499392476,7.83892849188278,0.111088267576214,0.717814472903504,0.434929539081489,"2022-05-03","50m"
"231","b.",4.13739209064896,10.0100642602163,2.26684914022969,32.0116529215188,0.0320391386279069,"2022-05-03","50m"
"232","u.",6.65148489184235,8.07628402173471,0.527428608563472,7.8300868129316,0.27708238492782,"2022-05-03","50m"
"233","v.",2.98974149044757,16.022058823607,0.507113934325137,0.796481592134552,0.157595264808007,"2022-05-03","50m"
"234","GA",9.46128707616483,0.0348771430467657,12.8057466638637,0.487243550854991,16.8551612809402,"2022-05-03","50m"
"235","GGA",10.1640199954665,0.16085322944778,8.85013803158458,0.200927698235393,9.03345082078234,"2022-05-03","50m"
"236","CSI",10.0201958767176,0.407932428000525,7.41446314669675,0.00196159950714422,0.965128127873597,"2022-05-03","50m"
"237","NGRDI",10.7211321119893,0.0204680598072447,4.51711057903969,0.301727289317935,5.67011246230498,"2022-05-03","50m"
"238","NGRDIveg",9.82613429926805,0.0207356504128653,9.69380485029264,0.203816668577212,22.6746337876692,"2022-05-03","50m"
"239","TGI",3.15122698434064,15.3961907733309,0.877668599000577,3.13142520241512,0.412814480650097,"2022-05-03","50m"
"240","TGIveg",1.65283408181448,18.2283212075924,0.142305643309176,3.37690299101601,3.42659183333351,"2022-05-03","50m"
